Timestamp,What kind of e-learning tool you are using while taking online classes? Name it.,Your age,Gender ,Field of education ,EA1,EA2,EA3,PEOU1,PEOU2,PEOU3,PEOU5,PU1,PU2,PU3,PU4,PU5,US1,US2,US3,US4,US5,US6,US7,QU1,QU2,QU3,QU4,QU5,SA,AU,ITU,STA1,STA2,STA3,PI ,SAC1,PI 1,,SAC1,,rowsd,,Do you think Tool used in E-learning puts highly effect on E-learning acceptability?,Any other suggestion to make E-learning experience better?
2021/01/10 11:14:00 PM GMT+5,Zoom,23-27,Female,Medical,5,5,5,5,5,5,5,5,5,5,5,5,5,5,5,5,,5,5,5,5,5,5,5,4,4,5,5,5,5,1,1,5,,4,,0.257880715,The quality of video and sound ,Yes,No
2021/01/10 11:45:56 PM GMT+5,Blackboard ,23-27,Male,IT/CS,5,5,2,4,4,4,4,5,4,5,4,5,4,4,4,3,4,,4,4,4,4,4,4,4,4,4,4,4,4,1,1,4,,4,,0.593478516,By making it more reliable,Can't say,It's standard can be further improved 
2021/01/11 11:47:39 AM GMT+5,Zoom ,18-20,Male,IT/CS,1,5,1,4,3,3,3,2,2,2,1,3,4,4,4,4,4,4,3,3,2,2,3,2,2,2,2,4,4,4,1,0,4,,2,,1.093870067,online education is not a good way to study because our teachers can not give a time like a lecture during physical class it is only a time pass or bad impact on our studies.,No,"sory, iam not agree with any kind of online education."
2021/01/11 11:47:45 AM GMT+5,Zoom ,18-20,Male,IT/CS,1,5,1,4,3,3,3,2,2,2,1,3,4,4,4,4,4,4,3,3,2,2,3,2,2,2,2,4,4,4,1,0,4,,2,,1.093870067,online education is not a good way to study because our teachers can not give a time like a lecture during physical class it is only a time pass or bad impact on our studies.,No,"sory, iam not agree with any kind of online education."
2021/01/11 11:47:53 AM GMT+5,Zoom ,18-20,Male,IT/CS,1,5,1,4,3,3,3,2,2,2,1,3,4,4,4,4,4,4,3,3,2,2,3,2,2,2,2,4,4,4,1,0,4,,2,,1.093870067,online education is not a good way to study because our teachers can not give a time like a lecture during physical class it is only a time pass or bad impact on our studies.,No,"sory, iam not agree with any kind of online education."
2021/01/11 11:49:37 AM GMT+5,Google meet/zoom,18-20,Male,Business Administration,1,3,3,4,3,4,4,3,1,2,2,1,4,2,3,2,4,4,4,4,2,2,4,2,2,2,1,3,2,2,0,0,2,,2,,1.061337261,E-learning is best tool but i'll prefered to the f2f study ,nope,nope
2021/01/11 11:52:52 AM GMT+5,Zoom app,21-23,Male,Engineering,2,1,2,2,2,1,2,2,1,2,1,1,1,1,1,1,2,1,2,1,2,1,2,1,1,2,1,2,1,2,0,0,2,,1,,0.507416263,No,Yes,No
2021/01/11 12:01:14 PM GMT+5,Zome,21-23,Male,Engineering,3,3,3,3,3,3,3,3,3,3,3,3,3,3,3,3,3,3,3,3,3,3,3,3,4,4,3,4,4,4,1,1,4,,4,,0.379049022,It could be batter by corporation between Teacher and students,4,Instead teaching thousand pages we should be focused on skills not Ratta
2021/01/11 12:04:34 PM GMT+5,Teams 365,21-23,Female,Physics ,2,3,5,4,3,5,5,3,3,4,2,2,2,3,2,5,5,3,5,4,4,5,5,4,3,4,1,2,3,1,0,0,2,,3,,1.275768869,By arranging more discussion sessions btw students and teachers.,Tools used in E-learning was quite good but I prefer face to face learning over E-learning ,"There should be a complete check and balance on teachers , whether they are doing their work with full honesty or not.. BCZ some teachers just do reading from slides and that's it.. if just reading from slides was enough then we could've done that on our own.. That's why I'm not satisfied with online methodology of teachers.."
2021/01/11 12:04:51 PM GMT+5,Laptop,18-20,Male,IT/CS,5,5,5,4,4,4,2,4,4,4,5,5,5,2,4,1,5,4,5,4,4,4,5,4,4,4,5,5,5,3,1,1,4,,4,,1.008013866,Yah it is bettee,E learning is best,No
2021/01/11 12:07:03 PM GMT+5,Zoom ,18-20,Male,IT/CS,5,5,5,5,5,5,5,5,5,5,5,5,5,5,5,5,5,5,5,5,5,5,5,5,4,4,4,4,4,4,1,1,4,,4,,0.406838102,Yes,Eye set week ,no
2021/01/11 12:18:21 PM GMT+5,"zoom,lms and whatsapp groups.",18-20,Male,IT/CS,1,2,1,2,1,1,3,2,1,2,3,1,2,1,2,3,3,2,1,2,1,3,3,1,1,1,1,1,1,3,0,0,2,,1,,0.827681987,"I am nit agree with online education, physical education is a good way to study or gain knowledege but online is the wastage of time.It can be better that every instution can provide a laptop or mobiles to the peoles of villages because they dont afford them and also guide tham beacuse we only take maximum one or two classes of the weak when we have some money and go to the net-cafe so all the administration can must se all the students abd there issues ","No,becasue we are from villages not dont have good internet or facilties but citizen can afford it so online education is best for citzien but  people like villages not have laptop or good mobile phones or skills . ","no,online education is not a way to study only time pass."
2021/01/11 12:18:35 PM GMT+5,"zoom,lms and whatsapp groups.",18-20,Male,IT/CS,1,2,1,2,1,1,3,2,1,2,3,1,2,1,2,3,3,2,1,2,1,3,3,1,1,1,1,1,1,3,0,0,2,,1,,0.827681987,"I am nit agree with online education, physical education is a good way to study or gain knowledege but online is the wastage of time.It can be better that every instution can provide a laptop or mobiles to the peoles of villages because they dont afford them and also guide tham beacuse we only take maximum one or two classes of the weak when we have some money and go to the net-cafe so all the administration can must se all the students abd there issues ","No,becasue we are from villages not dont have good internet or facilties but citizen can afford it so online education is best for citzien but  people like villages not have laptop or good mobile phones or skills . ","no,online education is not a way to study only time pass."
2021/01/11 12:18:39 PM GMT+5,"zoom,lms and whatsapp groups.",18-20,Male,IT/CS,1,2,1,2,1,1,3,2,1,2,3,1,2,1,2,3,3,2,1,2,1,3,3,1,1,1,1,1,1,3,0,0,2,,1,,0.827681987,"I am nit agree with online education, physical education is a good way to study or gain knowledege but online is the wastage of time.It can be better that every instution can provide a laptop or mobiles to the peoles of villages because they dont afford them and also guide tham beacuse we only take maximum one or two classes of the weak when we have some money and go to the net-cafe so all the administration can must se all the students abd there issues ","No,becasue we are from villages not dont have good internet or facilties but citizen can afford it so online education is best for citzien but  people like villages not have laptop or good mobile phones or skills . ","no,online education is not a way to study only time pass."
2021/01/11 12:19:19 PM GMT+5,Cell phone,18-20,Female,Physics ,1,3,3,3,4,2,2,2,1,2,1,1,2,1,1,3,3,2,2,2,3,4,3,5,1,3,1,1,2,1,0,0,1,,2,,1.085431214,By being regular,Yes,We need to b more loyal and efficient.
2021/01/11 12:26:45 PM GMT+5,Ms teams ,21-23,Female,Bs Mathematics,5,3,5,3,3,3,2,3,3,3,3,5,3,3,3,2,3,2,3,5,4,4,5,2,2,3,4,3,3,2,0,0,3,,3,,0.971430986,They're fine ,Yes,No 
2021/01/11 12:33:09 PM GMT+5, google classroom,21-23,Female,Engineering,3,5,3,4,2,4,4,3,4,3,4,3,4,3,4,2,3,3,3,4,3,4,4,4,4,4,2,2,3,2,0,0,2,,3,,0.802295557,F2F learning is better,no,no
2021/01/11 12:36:14 PM GMT+5,Microsoft Team,23-27,Female,IT/CS,2,5,3,5,3,5,5,4,4,4,4,4,5,4,4,4,4,4,4,5,4,5,5,5,4,4,4,4,4,2,0,1,3,,4,,0.803011573,If every student get good quality of internet.,Yess,No suggestion 
2021/01/11 12:50:55 PM GMT+5,Google class room Meet Zoom,21-23,Female,BS Mathematics,2,5,5,4,4,2,2,4,4,4,1,2,2,4,4,4,4,2,2,2,2,5,5,3,1,1,1,2,2,2,0,0,2,,1,,1.348050956,By having good internet connection and good light situation and corperation betwees teachers and students,Yes( to some extent),No
2021/01/11 1:19:10 PM GMT+5,Zoom,21-23,Female,Engineering,1,5,5,4,4,4,2,1,1,1,3,1,3,2,1,2,2,3,3,3,1,2,4,2,3,3,1,1,1,1,0,0,1,,2,,1.295438505,. ,. ,. 
2021/01/11 1:23:25 PM GMT+5,Zoom,23-27,Female,Business Administration,1,5,5,4,3,4,4,3,2,2,2,2,4,2,2,4,4,4,4,4,4,4,4,2,2,4,2,2,4,2,0,0,3,,3,,1.116748153,Screen time should be minimal ,Zoom is best,Online classes should be made interactive and less boring 
2021/01/11 1:37:19 PM GMT+5,Google classroom,21-23,Male,Engineering,2,5,5,4,3,4,4,1,1,2,4,1,4,4,3,3,4,2,4,4,3,4,4,3,3,4,1,4,1,1,0,0,2,,3,,1.284746945,By more awareness,Yes,No
2021/01/11 1:58:21 PM GMT+5,Zoom,21-23,Female,Islamic studies,1,5,3,3,3,3,3,2,2,2,1,1,2,2,1,3,2,1,1,3,3,3,4,5,1,4,1,2,2,2,0,0,2,,2,,1.159171325,Muting all participants,No,Connectivity should be beter
2021/01/11 2:02:42 PM GMT+5,Laptop,21-23,Male,Engineering,3,3,5,4,3,4,1,3,2,2,3,4,4,4,3,4,5,4,5,4,4,3,4,3,4,4,2,4,2,3,0,0,3,,3,,0.971430986,Yes it could be.,Maybe.,No suggestions.
2021/01/11 2:05:55 PM GMT+5,Zoom,18-20,Female,English lit,3,3,3,4,4,4,3,3,3,4,4,4,3,4,4,3,4,3,3,4,3,3,4,3,3,4,3,3,3,4,0,0,3,,3,,0.504006933,No idea,No,No
2021/01/11 2:42:14 PM GMT+5,Teams ,23-27,Male,Engineering,1,3,3,4,2,3,3,4,3,2,4,3,4,4,5,5,4,5,3,3,4,3,5,3,2,3,4,4,3,5,1,0,4,,3,,1.008013866,I don't think so,No,Physical or hybrid clases is best
2021/01/11 2:45:08 PM GMT+5,Cell phone,21-23,Male,Engineering,3,3,2,3,4,3,4,4,4,4,4,4,3,3,3,3,3,3,3,3,4,4,4,4,4,4,4,4,4,4,1,1,4,,4,,0.571346464,N/!,N/a,N/a
2021/01/11 3:14:03 PM GMT+5,Laptop,23-27,Female,Clinical psychology ,3,5,5,2,2,3,4,3,2,4,4,1,2,3,1,4,3,2,4,4,3,2,4,1,3,1,1,1,1,1,0,0,1,,2,,1.29942516,I dont know,I don’t know,I don’t know 
2021/01/11 3:38:51 PM GMT+5,Google classroom,23-27,Female,IT/CS,5,5,2,4,4,4,5,4,4,4,4,3,4,4,3,4,3,4,4,4,4,4,4,4,4,1,2,4,2,2,0,0,3,,2,,0.964305479,By spreading awareness of its effiecient use,Yes,-
2021/01/11 3:49:24 PM GMT+5,Laptop,21-23,Female,MA education ,3,1,3,3,4,3,4,3,3,3,3,3,3,3,3,4,4,3,4,4,4,4,4,4,3,4,2,3,4,3,0,0,3,,3,,0.70221325,It is already on a better spot,Yes,Not really
2021/01/11 4:19:29 PM GMT+5,Zoom,23-27,Male,IT/CS,5,5,5,4,4,4,4,5,4,5,4,5,5,4,5,5,5,5,5,4,4,4,4,4,4,4,4,4,4,4,1,1,4,,4,,0.498272879,I don't think so.,Yes,No
2021/01/11 4:36:39 PM GMT+5,Laptop,23-27,Female,Clinical psychology ,3,5,5,2,2,3,4,3,2,4,4,1,2,3,1,4,3,2,4,4,3,2,4,1,3,1,1,1,1,1,0,0,1,,2,,1.29942516,I dont know,I don’t know,I don’t know 
2021/01/11 6:46:44 PM GMT+5,google class room,18-20,Female,Mathematical Sciences,1,5,3,3,3,4,2,3,4,4,4,3,3,3,3,3,3,3,3,3,2,4,3,3,3,4,5,3,3,3,0,1,3,,4,,0.8051558,yes,yes,i sugest that there should be a complete and detail orentation section for this purpose
2021/01/11 8:25:30 PM GMT+5,Mobile ,23-27,Female,Mathematics ,1,5,3,2,3,2,3,2,2,3,1,2,2,1,3,1,3,1,3,1,2,3,1,3,1,3,2,1,2,1,0,0,1,,2,,0.99481414,No,Neutral ,Nothing 
2021/01/11 8:44:33 PM GMT+5,Mobile/laptop,18-20,Male,Mathematics,3,2,5,2,2,2,2,1,1,1,1,1,1,1,1,1,1,1,1,1,1,1,1,1,1,1,1,1,1,1,0,0,1,,1,,0.850287308,E-learning process can never get better.,no,no suggestion
2021/01/11 8:49:52 PM GMT+5,Google,23-27,Female,Chemistry ,2,5,3,3,4,4,4,3,4,4,4,2,4,3,4,4,3,4,4,4,3,2,3,2,3,3,2,2,2,1,0,0,2,,3,,0.949894126,X,Yes,Google 
2021/01/11 10:23:25 PM GMT+5,Zoom,23-27,Male,Engineering,3,5,5,5,5,5,5,,,,5,5,5,4,5,5,4,4,4,4,4,4,4,4,4,4,4,4,4,4,1,1,4,,4,,0.56487903,To attend online classes,Yes ,Faculty should give us access for recording online lectures
2021/01/11 11:04:46 PM GMT+5,Laptop,21-23,Female,MA education ,3,1,3,3,4,3,4,3,3,3,3,3,3,3,3,4,4,3,4,4,4,4,4,4,3,4,2,3,4,3,0,0,3,,3,,0.70221325,It is already on a better spot,Yes,Not really
2021/01/11 11:09:38 PM GMT+5,Zoom,23-27,Female,Medical,5,5,5,5,5,5,5,5,5,5,5,5,5,5,5,5,,5,5,5,5,5,5,5,4,4,5,5,5,5,1,1,5,,4,,0.257880715,The quality of video and sound ,Yes,No
2021/01/11 11:30:05 PM GMT+5,Saad Bin Saeed,21-23,Male,Engineering,5,5,5,1,2,3,3,4,4,5,5,3,5,5,5,5,5,5,5,3,3,3,3,3,3,3,4,3,1,3,0,0,2,,3,,1.2298958,"People have issues while log in to their account. There is always a issue of server, mobile data bundles are quite expensive not every person can afford it. Issue of connectivity in rural areas.",No,Spread awareness of using this tool. 
2021/01/12 12:04:22 AM GMT+5,Zoom,21-23,Female,Business Administration,1,5,3,4,4,4,3,4,4,4,4,4,4,4,4,2,4,4,3,4,3,1,4,4,3,4,1,3,1,2,0,0,2,,3,,1.118804781,I think students should trained properly.,Yes,I think training is required
2021/01/12 1:19:57 AM GMT+5,"zoom , meet",21-23,Male,IT/CS,3,5,3,4,4,4,2,4,4,4,3,3,4,4,4,3,4,3,3,4,4,4,4,3,3,4,2,4,4,3,1,0,4,,3,,0.678910554,"Zoom, E-learning is best tool but i'll prefered to the f2f study

","Zoom, Google meet , ","Zoom, but I think training is required."
2021/01/12 2:41:15 AM GMT+5,Blackboard,23-27,Female,IT/CS,3,5,3,4,4,4,2,4,4,5,4,4,4,4,4,2,4,4,3,4,3,4,4,3,4,4,4,4,3,3,0,1,3,,4,,0.70221325,To be more organized and interesting,Yes and can be improved,To be more interactive.
2021/01/12 6:11:24 AM GMT+5,Collaborate Ultra,23-27,Female,Medical,5,3,3,4,4,4,4,4,4,4,4,4,4,4,4,4,4,4,4,4,5,5,5,4,4,4,4,5,5,4,1,1,5,,4,,0.507416263,Clearer step by step uses,Yes,No
2021/01/12 7:45:11 AM GMT+5,LMS,18-20,Female,IT/CS,5,5,2,4,3,4,2,4,4,5,5,3,5,5,4,4,4,4,5,4,4,4,5,4,4,4,4,4,4,4,1,1,4,,4,,0.784915253,Because it way to learning study during Covid_19,Yes!,I think àll better........
2021/01/12 7:45:33 AM GMT+5,LMS,18-20,Female,IT/CS,5,5,2,4,3,4,2,4,4,5,5,3,5,5,4,4,4,4,5,4,4,4,5,4,4,4,4,4,4,4,1,1,4,,4,,0.784915253,Because it way to learning study during Covid_19,Yes!,I think àll better........
2021/01/12 7:45:40 AM GMT+5,LMS,18-20,Female,IT/CS,5,5,2,4,3,4,2,4,4,5,5,3,5,5,4,4,4,4,5,4,4,4,5,4,4,4,4,4,4,4,1,1,4,,4,,0.784915253,Because it way to learning study during Covid_19,Yes!,I think àll better........
2021/01/12 8:46:17 AM GMT+5,Blackboard ,23-27,Male,Health Admin,2,3,5,5,3,5,5,3,2,2,2,2,5,5,5,4,4,4,4,3,4,4,3,3,2,4,2,4,4,3,1,0,4,,3,,1.105888107,Make it more interactive ,.,More interaction 
2021/01/12 10:53:39 AM GMT+5,Google meet,21-23,Female,IT/CS,5,5,5,5,5,5,3,3,4,3,3,3,3,2,3,3,3,3,3,3,3,3,3,3,4,3,3,3,2,3,0,0,3,,3,,0.894427191,Yes,Yes,None so far
2021/01/12 11:09:00 AM GMT+5,"google meets, Microsoft teams",21-23,Male,IT/CS,3,5,5,3,1,2,4,4,4,3,4,4,2,4,4,4,4,4,2,4,2,1,2,4,3,4,2,2,2,2,0,0,2,,3,,1.136641554,with mass people accepting it,yes. because its the only option left,no
2021/01/12 12:25:56 PM GMT+5,Meet,18-20,Male,IT/CS,1,5,3,5,2,4,4,4,1,4,4,1,4,4,3,5,5,5,5,4,4,4,4,4,4,4,1,1,1,1,0,0,1,,3,,1.473521078,Its good enough,Yes,No
2021/01/12 1:31:06 PM GMT+5,Google meet,21-23,Male,IT/CS,5,3,1,4,5,5,5,3,3,5,5,4,5,5,5,3,3,5,4,5,2,5,5,4,4,4,5,4,3,3,0,1,3,,4,,1.080655399,"Consistency. Switching in between E learning and physical classes destroys both experiences. If we stick with E learning, it would be better. ",Yes,-
2021/01/12 1:57:03 PM GMT+5,Google classroom Meet,21-23,Male,IT/CS,2,5,5,4,2,2,4,2,2,2,2,2,4,3,3,3,3,3,3,4,4,4,4,4,4,4,2,2,2,2,0,0,2,,3,,1.014832527,Recorded Lectures followed by a weekly query online session,Definitely,Interaction between faculty and students should be increased.
2021/01/12 6:33:17 PM GMT+5,Ppts,23-27,Female,Medical,1,5,5,3,2,2,1,3,2,2,2,2,2,2,2,2,2,2,1,1,2,3,3,2,2,3,1,2,2,2,0,0,2,,2,,0.96132093,It cannot replace FTF learning,No,It should not be promoted
2021/01/12 7:14:28 PM GMT+5,Cell phone,21-23,Male,Engineering,3,3,2,3,4,3,4,4,4,4,4,4,3,3,3,3,3,3,3,3,4,4,4,4,4,4,4,4,4,4,1,1,4,,4,,0.571346464,N/!,N/a,N/a
2021/01/12 11:30:50 PM GMT+5,Google Meet,21-23,Male,IT/CS,1,5,5,4,4,4,5,5,5,3,5,3,5,5,5,5,5,5,5,5,5,4,4,4,4,4,3,4,4,3,1,1,4,,4,,0.944433176,quick response is missing,yeah,e-examination 
2021/01/13 8:23:55 PM GMT+5,MS-Teams,23-27,Male,Engineering,5,5,5,4,4,4,4,4,4,4,4,4,5,5,5,5,5,5,5,4,4,4,4,4,4,4,4,4,4,4,1,1,4,,4,,0.479463301,Yes,Yes,No
2021/01/13 8:24:10 PM GMT+5,MS-Teams,23-27,Male,Engineering,5,5,5,4,4,4,4,4,4,4,4,4,5,5,5,5,5,5,5,4,4,4,4,4,4,4,4,4,4,4,1,1,4,,4,,0.479463301,Yes,Yes,No
2021/01/13 8:24:14 PM GMT+5,MS-Teams,23-27,Male,Engineering,5,5,5,4,4,4,4,4,4,4,4,4,5,5,5,5,5,5,5,4,4,4,4,4,4,4,4,4,4,4,1,1,4,,4,,0.479463301,Yes,Yes,No
2021/01/13 8:24:17 PM GMT+5,MS-Teams,23-27,Male,Engineering,5,5,5,4,4,4,4,4,4,4,4,4,5,5,5,5,5,5,5,4,4,4,4,4,4,4,4,4,4,4,1,1,4,,4,,0.479463301,Yes,Yes,No
2021/01/14 7:07:59 AM GMT+5,Google meet,23-27,Male,IT/CS,2,5,2,4,4,2,2,2,2,2,2,2,2,2,2,2,2,2,2,4,2,3,2,2,2,2,2,2,2,2,0,0,2,,2,,0.802295557,No,No,I will discourage E-learning
2021/01/14 5:55:33 PM GMT+5,Ruheel,21-23,Male,Business Administration,5,2,5,4,4,4,2,4,4,4,4,4,4,4,4,4,5,5,4,4,4,4,5,4,2,4,5,4,4,2,0,1,3,,4,,0.868344971,The study explored student readiness for online learning in the ... which may lead to more effective policies or e-learning strategies. .,There are significant positive impacts of perceived usefulness and perceived ease of use on E-learning acceptance .,"Know your subject material well.
Facilitate Contact.
The platform should be easy to navigate and fully functional. 
Online courses provided should appeal to all learning styles."
2021/01/14 11:34:45 PM GMT+5,Mobile,21-23,Female,Business Administration,5,3,5,3,2,3,3,3,3,3,3,2,5,4,5,4,5,5,5,4,4,4,4,4,4,4,3,4,5,4,1,1,4,,4,,0.912870929,Because it saves my time and I could easily learn whenever I want.,Yes of course,No 
2021/01/15 10:02:35 PM GMT+5,Google Meet,21-23,Male,IT/CS,5,5,3,5,5,5,5,5,5,5,5,5,5,5,5,5,5,5,5,5,5,4,5,5,2,4,5,4,5,5,1,1,5,,4,,0.691491807,It is already at its peak just more universities should get a hold of it ,Yes,no
2021/01/15 10:03:38 PM GMT+5,Google meet,21-23,Male,IT/CS,3,5,3,4,3,4,5,3,3,3,3,4,4,4,4,4,4,4,4,4,4,4,4,4,4,4,3,2,3,3,0,1,3,,4,,0.660894552, , , 
2021/01/15 10:05:37 PM GMT+5,"Google Meet, Zoom",21-23,Female,IT/CS,2,5,5,5,4,5,5,2,2,2,4,3,5,5,5,5,5,5,4,5,2,4,3,3,4,1,1,2,3,2,0,0,2,,2,,1.4044265,Not sure,No,None
2021/01/15 10:07:08 PM GMT+5,"Google classroom, zoom",21-23,Female,IT/CS,2,1,1,3,2,3,3,1,4,5,4,5,4,4,5,4,5,4,4,4,4,3,4,3,3,3,4,3,3,5,1,0,4,,3,,1.165105688,By giving idea ,Yes I thnk,It's fine 
2021/01/15 10:07:47 PM GMT+5,"Google meet, zoom, mS teams",21-23,Male,IT/CS,5,5,5,5,5,5,4,5,5,5,5,5,2,2,2,2,2,2,2,2,3,3,3,3,2,1,3,4,5,5,1,0,5,,2,,1.406471087,Good ,Good ,Good 
2021/01/15 10:08:42 PM GMT+5,Google Meet,21-23,Male,IT/CS,2,2,3,1,1,2,3,3,2,2,2,3,2,3,2,3,3,2,2,2,2,2,2,3,2,2,3,2,3,2,0,0,2,,2,,0.583292281,"Because u can control the pace at which you want to learn, you can choose your own time, u can listen to the recording if you have missed the lecture and you can review it if you didn't understand some part",No really,/-
2021/01/15 10:10:34 PM GMT+5,Google Meet,21-23,Male,IT/CS,3,5,5,5,5,4,5,4,4,4,3,3,4,4,3,2,4,4,5,5,4,4,4,3,4,4,3,4,3,3,0,1,3,,4,,0.803011573,Well not for everyone as we are living in a society where most of the students are not aware to use technology so may be not. ,Yes ,Nil
2021/01/15 10:11:41 PM GMT+5,google meet,23-27,Female,IT/CS,5,5,5,4,4,4,4,3,4,3,4,3,4,4,4,3,3,4,3,4,3,4,5,3,3,3,3,3,4,3,0,0,3,,3,,0.70221325,by promoting e learning,yes,no
2021/01/15 10:13:23 PM GMT+5,Google Meet,21-23,Male,IT/CS,3,5,3,4,4,4,4,4,4,5,4,4,4,4,3,5,4,5,4,4,4,4,4,4,4,4,3,4,4,3,1,1,4,,4,,0.556053417,No issues,No,No
2021/01/15 10:13:44 PM GMT+5,Google meet,21-23,Male,IT/CS,2,5,3,5,3,5,5,3,4,4,3,3,5,4,3,3,3,5,2,4,4,3,4,2,4,4,2,2,3,2,0,0,2,,3,,1.04166092,Idkk,bruh,"E-learning requires internet and a device. Majority of students in Pakistan does not have this privilege and the government needs to atleast provide free internet across the country, especially in rural areas."
2021/01/15 10:14:07 PM GMT+5,"Zoom , Google Meet",21-23,Male,IT/CS,2,5,5,2,2,2,3,2,3,3,3,1,2,2,2,2,2,2,2,4,3,4,4,4,3,4,3,2,2,2,0,0,2,,3,,1.014832527,If we use online and on campus classes parallel. Do not fully relay on a single tool.,Yes.,It's good but we should also promote face to face (on campus) study as well. 
2021/01/15 10:15:08 PM GMT+5,"Google classroom, Zoom, Meet, and Flex",21-23,Female,IT/CS,3,5,5,4,4,3,5,3,4,5,4,4,5,5,5,3,3,3,2,4,4,4,4,4,4,4,4,3,3,3,0,1,3,,4,,0.819307249,If conducting quizzes/exams become more credible ,Yes,No
2021/01/15 10:15:37 PM GMT+5,Meet,23-27,Male,IT/CS,5,5,2,4,4,4,3,4,4,5,4,4,4,4,4,3,4,4,2,4,4,3,3,4,4,4,4,4,4,4,1,1,4,,4,,0.698931862,No comments,No comments,No comments
2021/01/15 10:17:39 PM GMT+5,"gmeet, gclass, flex (our marks' portal)",21-23,Male,IT/CS,5,2,1,5,5,5,5,5,5,5,5,4,5,5,5,5,5,5,5,5,3,5,5,5,4,4,4,5,3,5,1,1,4,,4,,1.008583848,"CONSISTENCY. PLEASE. Before the university started jumping between online then on-campus, then no attendance, etc. policies, I had full attendance, was taking complementary online courses, and fully understood what my faculty was communicating. When the university could no longer be consistent due to the pandemic, I no longer managed to make any progress and now my grades are in ruin. PLEASE. JUST BE CONSISTENT. E LEARNING IS VERY CONVENIENT AND HELPFUL. PLEASE JUST BE CONSISTENT. AND MAKE E-LEARNING ATTENDANCE MANDATORY IF YOU WANT, but please stick with e learning.","Yes. However the current combination of flex, gmeet, and gclass is quite optimum. I feel it does not need much alteration...",CONSISTENCY. PLEASE.
2021/01/15 10:18:35 PM GMT+5,Google Meet,21-23,Male,IT/CS,5,5,2,4,3,5,5,5,4,5,5,5,5,5,5,4,5,5,4,4,4,5,3,4,4,1,5,5,5,5,1,0,5,,3,,0.999425122,There should be a white board for coding/mathematics subjects. Which should be provided by the E-learning tool. ,Yes,No
2021/01/15 10:26:05 PM GMT+5,Google Meet,23-27,Male,IT/CS,1,5,5,5,2,5,5,4,4,1,5,2,5,4,2,2,3,3,3,3,3,2,3,3,2,4,1,2,2,1,0,0,2,,2,,1.387961376,F2F is preferred in my opinion,Yes acceptability is directly proportional to Tool's user friendliness,F2F is preferred in my opinion
2021/01/15 10:26:38 PM GMT+5,Google meet,21-23,Male,IT/CS,2,5,5,5,4,4,4,3,4,2,4,5,4,4,4,1,2,4,1,4,3,4,4,2,4,4,2,4,2,4,0,0,3,,3,,1.166584562,Frequency of notification and level of interaction could be improved.,Vould not understand the question,Some improvement in check and balance on students would be better.
2021/01/15 10:27:46 PM GMT+5,Meet.,21-23,Male,IT/CS,5,5,2,5,3,3,4,4,4,4,4,2,4,4,2,1,1,1,3,4,4,4,4,4,4,1,1,2,2,1,0,0,2,,2,,1.362890775,"The e-learning tool is helpful only when the education is free contrywide, and salaries are in control of government, which is cut in taxes.","Not really, because If a student have interest in subject being thought, then which tool is used, is of less importance.","E-learning experience can be improved by calling upon some offline classes along with online classes, for boosting motivation, and sharing different opinions about the problems faced by a student and then trying to solve them."
2021/01/15 10:27:50 PM GMT+5,"Google Meet, Zoom, Google Classroom ",21-23,Male,IT/CS,1,5,3,4,2,4,4,2,2,2,4,2,4,4,2,3,3,3,3,4,3,3,3,3,4,4,1,2,2,1,0,0,2,,3,,1.061878622,Idk,yes,Use Discord
2021/01/15 10:32:06 PM GMT+5,Google meet ,21-23,Male,IT/CS,3,5,2,5,5,5,4,4,4,4,4,4,4,3,4,3,3,3,3,4,4,4,4,3,3,4,2,3,3,3,0,0,3,,3,,0.808716878,With a good performance of internet ,Yes,By giving awareness 
2021/01/15 10:39:37 PM GMT+5,Google Classroom ,23-27,Male,IT/CS,3,5,5,4,3,4,5,5,4,3,5,3,4,4,4,3,4,5,4,5,4,4,5,1,4,4,3,3,2,3,0,1,3,,4,,0.985527457,Don't know,Yes,Better internet
2021/01/15 10:40:38 PM GMT+5,Google meet,21-23,Male,IT/CS,2,5,3,4,3,4,5,2,2,4,4,2,4,3,2,3,4,4,2,4,3,4,2,2,2,4,1,3,3,4,0,0,3,,2,,1.04166092, , , 
2021/01/15 10:43:10 PM GMT+5,Google meet,23-27,Male,BS-CS,2,5,2,5,5,5,4,2,3,2,1,3,2,2,1,2,3,4,3,1,2,2,1,2,2,2,3,2,1,2,0,0,2,,2,,1.252124631,N/A,Yes,Hh
2021/01/15 10:47:03 PM GMT+5,"Meet, Zoom",21-23,Female,IT/CS,2,3,5,4,3,3,2,3,2,3,3,2,4,4,4,3,4,4,4,4,3,4,4,3,4,4,2,3,3,2,0,0,3,,3,,0.827681987,training should be given first ,3,none
2021/01/15 10:54:01 PM GMT+5,Meet,21-23,Male,IT/CS,3,5,3,4,3,4,4,3,3,4,5,3,4,4,3,3,3,4,3,4,4,3,4,3,3,3,3,3,3,3,0,0,3,,3,,0.628810225,"Making problem solving more responsive.
Maintaining the decorum of the class","Yes, usability of the tool highly effects the acceptability.",Making the sessions interactive 
2021/01/15 11:07:46 PM GMT+5,Google meet ,21-23,Male,IT/CS,5,5,5,5,5,5,5,4,5,5,5,5,5,5,5,4,5,5,5,5,5,5,5,5,3,1,3,5,5,4,1,0,5,,2,,0.889917987, ,Yeah,"Instead of focusing on attendence, teachers should focus on quality of education. "
2021/01/15 11:14:53 PM GMT+5,Google Meet,23-27,Female,IT/CS,2,5,3,4,2,2,2,2,2,2,3,2,3,2,2,3,4,4,4,3,4,4,4,4,3,3,1,3,2,2,0,0,2,,2,,0.973204211,By enforcing strict rules ,Not really,None. Simply prefer face to face learning.
2021/01/15 11:29:58 PM GMT+5,Google Meet and Google Classroom,21-23,Female,IT/CS,2,5,5,4,3,2,5,2,2,3,3,2,4,4,3,4,4,4,4,4,4,4,3,4,3,4,2,2,3,2,0,0,2,,3,,0.994236263,-,-,-
2021/01/15 11:35:14 PM GMT+5,Google classroom ,21-23,Male,IT/CS,5,5,2,5,5,5,5,5,3,5,4,5,5,5,5,3,3,3,3,4,3,3,5,3,3,3,5,5,5,5,1,1,5,,4,,1.019916607,.,z,Z
2021/01/15 11:35:50 PM GMT+5,Google Meet,23-27,Male,IT/CS,2,3,5,4,2,1,4,2,1,1,2,1,5,3,3,3,4,5,3,4,3,3,3,1,2,2,1,1,1,1,0,0,1,,2,,1.332183412,I think its can't in CS courses ,No really ,E learning education system only works if exam are online otherwise its totally fail
2021/01/15 11:39:49 PM GMT+5,Google class ,23-27,Male,IT/CS,3,5,3,4,4,4,2,4,4,3,4,3,3,5,5,4,5,5,4,4,4,4,4,4,1,2,1,3,4,1,0,0,3,,1,,1.166584562,No comments ,Yes,No
2021/01/15 11:46:09 PM GMT+5,Google meet,23-27,Female,Data science ,2,3,3,4,5,3,5,4,3,4,3,2,4,4,3,4,4,4,4,4,4,4,4,4,4,4,3,3,3,4,0,1,3,,4,,0.718395402,I think it's good the way it is,Yes,It was good. 
2021/01/15 11:49:48 PM GMT+5,Google Classroom ,21-23,Female,IT/CS,5,5,2,4,5,4,4,4,3,5,5,4,5,4,4,4,5,5,4,5,5,4,5,3,4,4,4,4,4,4,1,1,4,,4,,0.727932042,The right tool plays an important role in overall acceptability. Different grade level has different requirements in E-Learning so the right choice of tool will increase the acceptability.,Yes ,I am satisfied with the experience.
2021/01/15 11:58:23 PM GMT+5,Zoom,23-27,Male,IT/CS,2,5,5,4,5,4,3,3,4,3,4,1,4,4,4,4,4,4,4,4,4,4,4,4,4,4,1,3,3,3,0,0,3,,3,,0.964305479,There is no need of that,Yes strongly agreed,Its not about E-Learning Tools its about the environment which actually not at the level of face to face learning.
2021/01/16 5:59:48 AM GMT+5,google meet,21-23,Male,IT/CS,1,5,5,5,5,2,3,1,1,2,2,1,4,4,2,3,4,4,3,3,2,4,4,3,2,4,1,1,1,1,0,0,1,,2,,1.430778263,No,No,E-learning can't beat the level of F2F learning
2021/01/16 6:55:21 AM GMT+5,Google Classroom and meet,21-23,Female,IT/CS,2,5,5,4,4,3,4,2,3,3,4,2,4,2,3,3,3,3,2,3,2,3,4,2,2,3,1,2,2,2,0,0,2,,2,,0.99481414,Every teacher must reply to emails and comments on classroom within the least time,Yes,Online sessions on confusions should be made more frequent
2021/01/16 7:10:48 AM GMT+5,Google Meet for online classes. Google Classroom for task submissions.,23-27,Male,IT/CS,2,5,3,5,4,4,5,5,5,5,5,3,5,5,5,3,3,5,5,5,5,5,5,5,4,4,1,4,3,3,0,0,3,,3,,1.095445115,"if other tools are incorporated, other than google classrooms, yes it will be more interactive and studies will be more fun than just being basic.",Yes.,Instead of just google meet and classroom for submissions. We should be exposed to platforms that take online mock quizzes. That will enable us to get used to platforms without the tension of missing out marks due to lack of tool knowledge or mishaps during answer selection.
2021/01/16 8:55:09 AM GMT+5,Meet,23-27,Male,IT/CS,1,3,3,5,5,5,5,1,3,3,5,4,4,5,5,2,3,4,4,4,4,4,4,3,4,4,1,2,2,1,0,0,2,,3,,1.330888563,Classes should be on time  as mentioned in Schedule for Face 2 Face learning,No,"E-Learning in Pakistan is only possible if we have 24/7 electricity available , which is not possible. We face many problems because of electricity and internet. Bandwidth is also an important issue. "
2021/01/16 9:44:21 AM GMT+5,google meet,21-23,Female,IT/CS,5,5,5,5,5,5,5,5,5,5,5,5,5,5,5,3,5,5,4,4,4,4,5,3,3,4,4,4,4,4,1,1,4,,4,,0.682288239,by providing tutorials about its functionalities,"i think yes ,it does",supply better internet facilities in far away areas so that everybody can learn online
2021/01/16 9:59:18 AM GMT+5,"Google meet, zoom",21-23,Male,IT/CS,3,5,3,4,3,4,5,4,4,5,5,3,4,3,4,3,4,5,4,4,3,3,4,2,3,4,3,3,2,2,0,0,2,,3,,0.894427191,provided that the learning systems provide the 'missing parts' particular to the need and self awareness is raised among the users motivating them to adapt to it (from both sides).,"Yes, they do, with the possibilities they provide such as for user interaction with the tool or among themselves or transferring of knowledge or resources and the quality of them too.","For a bigger picture/a generic use the possibilities vary but specifically for academic purposes the boundaries are precise and concise from a username password authenticated system to a centralized management hierarchy for supervision, from on screen real time canvas to a central (online) database for common resources accessible to l users.   "
2021/01/16 10:30:28 AM GMT+5,"Zoom, Meet",21-23,Female,IT/CS,3,5,5,5,4,5,5,4,3,1,3,2,4,4,3,3,4,4,5,5,5,3,5,4,4,4,2,2,1,1,0,0,1,,3,,1.302517456,"Measures should be taken to ensure that all students attend classes and if missed, they took the recorded lectures. Else it can easily be said that the tool isn't useful when students didn't attend lectures. ","No, the tool used doesn't contribute much (as long as it is user-friendly). What matters is the teaching method and the ability to keep the students interest.",.
2021/01/16 11:16:47 AM GMT+5,Google classroom,18-20,Male,IT/CS,5,5,1,4,5,5,5,5,5,5,5,5,5,5,5,5,5,5,5,5,4,5,5,4,4,2,5,5,5,5,1,1,5,,4,,0.9278575,Idk,Yes,A single instructor should teach all the classes taking a particular course and the others should assist them in answering student queries amid the lecture. 
2021/01/16 11:33:35 AM GMT+5,Meet,23-27,Male,IT/CS,1,1,1,1,1,1,1,1,1,1,1,1,1,1,2,1,1,1,1,1,1,1,1,1,1,1,1,1,1,1,0,0,1,,1,,0.182574186,No comment,No comment,No
2021/01/16 12:11:07 PM GMT+5,Google Classroom,21-23,Female,IT/CS,1,5,3,4,2,4,5,4,1,1,3,2,4,4,3,3,4,4,2,4,4,4,4,2,3,4,1,3,2,1,0,0,2,,3,,1.245220749,giving tutorials before using.,-,-
2021/01/16 1:36:27 PM GMT+5,online recources and tutorials,21-23,Male,IT/CS,5,3,3,5,5,5,5,5,5,5,5,5,4,5,5,4,4,4,4,4,3,2,2,4,3,3,5,4,4,4,1,1,4,,4,,0.937102406,implement it from the start instead of the middle of a semester ,yes,"make a more consistent way to share recordings, as many instructors upload locked videos"
2021/01/16 1:42:17 PM GMT+5,"Google meet, zoom",21-23,Female,IT/CS,1,5,3,3,3,3,3,1,1,1,4,1,3,3,2,1,1,3,1,2,3,4,4,1,1,1,1,1,1,1,0,0,1,,1,,1.24152298,"By reducing latency, by providing a virtual classroom environment so that the students can be as active as in on campus classes, by improving quality",Yes it does,Same as before. But more stress on providing virtual environment
2021/01/16 3:03:08 PM GMT+5,google classroom,21-23,Male,IT/CS,3,1,1,4,4,2,5,5,4,5,4,4,5,4,2,3,4,5,4,4,4,4,5,4,4,4,5,5,4,5,1,1,5,,4,,1.124952106,everything is ok.,yes,no
2021/01/16 4:50:39 PM GMT+5,google meet,23-27,Male,IT/CS,2,2,2,2,2,2,2,2,2,2,2,2,2,2,2,2,2,2,2,4,2,4,2,2,2,2,2,2,2,2,0,0,2,,2,,0.507416263,no,no,E-learning must be discourage
2021/01/16 6:55:43 PM GMT+5,"Google Meet, Zoom",21-23,Female,IT/CS,3,5,5,5,5,5,5,5,5,5,5,5,5,5,4,4,4,4,4,4,4,4,4,4,4,4,5,4,4,4,1,1,4,,4,,0.568320777,By giving training to those people having difficulty getting used to it,yes,no
2021/01/16 9:10:46 PM GMT+5,"Google meet, MS Team",21-23,Male,IT/CS,3,5,5,4,5,2,1,3,3,1,5,3,3,3,4,5,1,3,1,3,2,4,5,3,3,4,4,3,3,3,0,1,3,,4,,1.250746903,E learning can be more useful if they are easier to use and organise material better,Yes,They should have ability to include multiple audio source to include computer audio and mic audio
2021/01/16 10:03:27 PM GMT+5,"Laptop,mobile",18-20,Female,IT/CS,3,5,5,4,4,3,2,4,3,4,4,5,4,4,2,2,4,4,4,4,4,2,3,2,4,3,2,4,4,3,1,0,4,,3,,0.937715492,Yes,yes offcours,update the course video
2021/01/17 9:59:37 AM GMT+5,Google classroom ,23-27,Male,IT/CS,2,5,3,4,3,1,2,2,4,3,1,2,4,4,4,4,4,4,4,4,4,4,4,2,3,3,1,4,4,2,0,0,3,,2,,1.116748153,google classroom ,yes ,No
2021/01/17 2:18:42 PM GMT+5,Google meet,23-27,Female,IT/CS,5,5,3,5,3,4,4,3,4,4,4,3,5,2,3,2,4,4,2,4,4,2,2,3,3,4,3,3,3,2,0,0,3,,3,,0.968468396,"If the eLearning tool can make sure the presence of every student during the lecture, and provide some whiteboard feature.",Yes,-
2021/01/17 4:37:10 PM GMT+5,Google meet mainly,21-23,Male,IT/CS,3,2,5,5,3,2,4,1,4,4,4,4,5,5,5,5,5,5,5,5,4,4,4,4,4,4,4,4,4,4,1,1,4,,4,,0.999425122,It should give the error message if there is network problem on any side,no,.
2021/01/17 5:57:21 PM GMT+5,Google-Meet,23-27,Female,IT/CS,3,5,5,5,4,5,5,3,3,2,4,3,5,5,4,4,5,5,5,5,5,5,5,4,4,1,2,4,4,3,1,0,4,,2,,1.112106834,"It could be made better only with time. Students need time to adapt to this new E-learning environment. Mean-while, E-learning tools should make themselves user-friendly so that students do not face problem while using it.","Yes, it does but not completely. Other factors are included too.","The only thing that lacks in E-learning experience as compared to Face to Face interaction is the lack of interaction between students and teachers. According to me, teachers should get students engaged with them during the classes by asking questions or performing some activities instead of just delivering the lecture."
2021/01/18 3:18:30 PM GMT+5,Meet,23-27,Female,IT/CS,2,3,2,5,5,3,4,4,4,4,4,4,4,4,4,3,4,4,4,4,4,4,4,4,4,4,2,4,3,4,1,0,4,,3,,0.739679956,I dont feel like there is any big flaw,yes,none
2021/01/18 3:19:43 PM GMT+5,Google Meet,23-27,Male,IT/CS,3,5,3,5,5,5,5,5,5,5,5,5,5,5,5,5,5,5,5,5,5,5,5,5,4,4,2,4,3,3,0,0,3,,3,,0.860366134,"Class participation, and some kind of one to one interaction between instructors and individuals could greatly help in E-Learning, this is something which was missing in my experience, because when you are sitting in front of a screen instead of a actual classroom, your focus tends to be weaker, where as in person this problem is minimal.",I think it surely does.,"More interaction between the instructors and the individuals, so that the students would not loose their focus. Discussions with more participants instead of only discussing with a handful of students would also help in improving the focus of individuals. More over I think when using these E-Learning tools, it should be required to sit in a proper formal settings, with good internet a proper laptop or desktop instead of mobile phone, and non-distraction environment."
2021/01/19 5:08:50 AM GMT+5,Google Classroom,23-27,Male,IT/CS,3,5,5,4,4,4,4,4,3,4,4,3,4,4,4,3,4,4,4,4,5,5,5,4,3,4,1,3,3,2,0,0,3,,3,,0.897634183,I think the tools are more or less well accepted. On a positive end these tools let people to complete their education in time. However the challenge is to promote the engagement as in case of face to face learnings.,Agreed,"Since it is an learning curve for both the students and instructors, I think it will take some time for the E-learning platform to gain normality. Group activities can help a lot in engagement process with fellow students and instructors which can enhance overall experience."
2021/01/19 9:39:23 PM GMT+5,Google Meet,21-23,Male,IT/CS,2,5,5,3,2,1,2,3,3,2,4,3,4,4,2,5,4,4,4,4,2,4,4,4,3,,4,4,4,4,1,1,4,,4,,1.05279361,record lectures and share the link OR make a youtube video,yes,No
2021/01/20 7:32:17 AM GMT+5,"Google classroom, youtube",21-23,Female,IT/CS,1,3,5,4,2,4,4,3,4,4,4,4,4,4,4,4,4,4,4,4,2,2,4,3,3,4,2,2,2,2,0,0,2,,3,,0.994236263,never thought about it,to some extend yes,no
2021/01/11 7:09:24 PM GMT+5,MS Team,18-20,Male,Engineering,5,5,3,5,4,5,4,4,4,4,4,4,5,5,5,5,5,5,5,5,5,5,5,5,4,4,3,5,5,5,1,1,5,,4,,0.626062316,,,
2021/01/11 7:25:44 PM GMT+5,MS Teams,18-20,Male,Engineering,3,3,3,5,4,4,4,3,4,3,5,4,3,3,4,4,5,,4,5,5,4,,3,2,4,4,3,3,4,0,0,3,,3,,0.799305254,,,
2021/01/11 7:26:10 PM GMT+5,Mibile,18-20,Male,Engineering,4,3,3,4,4,4,3,4,4,3,4,4,3,3,4,4,3,3,3,4,3,4,4,3,3,3,4,4,3,4,1,0,4,,3,,0.507416263,,,
2021/01/11 7:34:03 PM GMT+5,Mobile phone ,18-20,Male,Engineering,4,5,4,3,3,3,3,3,3,3,3,3,3,3,3,3,3,3,3,3,3,3,3,3,3,3,3,3,3,3,0,0,3,,3,,0.434172485,,,
2021/01/11 7:42:01 PM GMT+5,MS Team,18-20,Male,Engineering,5,3,3,5,5,3,4,3,3,3,4,3,3,4,4,4,4,4,4,4,4,4,4,4,3,3,4,5,4,5,1,0,5,,3,,0.698931862,,,
2021/01/11 8:00:56 PM GMT+5,Cell phone ,18-20,Male,Engineering,4,3,3,4,4,4,4,4,4,4,4,4,4,4,3,4,4,3,3,1,4,4,4,3,1,3,4,4,4,4,1,0,4,,3,,0.817200154,,,
2021/01/11 8:07:16 PM GMT+5,Rafia Ashraf,18-20,Female,Engineering,5,3,5,4,3,5,3,4,4,5,4,5,3,4,4,4,4,3,5,4,4,5,3,4,4,3,5,4,4,5,1,1,4,,4,,0.739679956,,,
2021/01/11 8:08:11 PM GMT+5,MS Teams. ,18-20,Male,Engineering,5,5,3,5,4,5,4,5,5,4,4,4,5,5,4,4,4,4,4,4,4,5,4,3,4,4,4,5,3,3,1,1,4,,4,,0.664363839,,,
2021/01/11 8:29:10 PM GMT+5,Teams,18-20,Female,Engineering,5,5,3,5,5,5,5,5,5,5,5,5,5,5,4,5,5,4,5,4,5,5,5,4,4,4,4,4,5,3,1,1,4,,4,,0.621455466,,,
2021/01/11 8:40:47 PM GMT+5,happy,18-20,Male,Engineering,5,4,3,4,4,5,4,4,4,4,4,4,4,4,4,3,4,4,5,4,4,4,1,1,4,4,4,5,5,5,1,1,5,,4,,0.944433176,,,
2021/01/11 9:22:15 PM GMT+5,Microsoft teams,18-20,Male,Engineering,3,3,5,4,3,5,3,3,5,4,4,4,4,3,4,4,3,3,4,4,4,3,3,3,4,4,1,3,4,4,1,0,4,,3,,0.813676204,,,
2021/01/11 9:23:10 PM GMT+5,MSTeam,18-20,Male,Engineering,5,5,5,5,5,5,5,5,4,5,5,5,5,5,5,1,5,5,5,5,5,5,5,5,4,4,5,4,5,5,1,1,5,,4,,0.784915253,,,
2021/01/11 9:45:35 PM GMT+5,Microsoft teams,18-20,Female,Engineering,3,5,5,4,4,4,4,3,4,3,3,3,4,3,4,3,3,4,4,4,3,4,4,4,3,4,,4,4,3,1,1,4,,4,,0.603764871,,,
2021/01/11 9:56:34 PM GMT+5,4,18-20,Male,Engineering,5,5,5,5,5,5,5,5,5,5,5,5,5,5,5,5,5,5,5,5,5,5,4,4,4,4,4,4,4,4,1,1,4,,4,,0.449776445,,,
2021/01/11 9:59:16 PM GMT+5,Msteam,18-20,Male,Engineering,5,5,5,3,3,3,3,3,3,3,3,3,3,3,3,3,3,3,3,3,3,3,3,3,3,3,3,3,3,3,0,0,3,,3,,0.610257153,,,
2021/01/11 10:04:29 PM GMT+5,Laptop ,18-20,Female,Engineering,3,5,5,5,3,4,5,5,3,4,4,1,4,4,4,5,5,5,5,5,4,4,4,1,4,1,5,1,1,1,0,0,1,,3,,1.493279966,,,
2021/01/11 10:10:17 PM GMT+5,Mobile,18-20,Female,Engineering,1,3,4,4,4,4,4,4,4,4,4,1,4,3,3,4,4,3,4,4,4,4,,4,3,4,1,3,4,4,1,0,4,,3,,0.949461865,,,
2021/01/11 10:14:19 PM GMT+5,Physical,18-20,Male,Engineering,5,5,5,4,4,4,4,3,3,3,3,3,3,3,3,3,3,3,3,3,3,3,3,3,3,4,4,4,4,4,1,1,4,,4,,0.682288239,,,
2021/01/11 10:48:25 PM GMT+5,MS-Teams,18-20,Male,Engineering,4,3,3,5,4,4,5,3,4,4,4,3,4,4,4,4,4,4,5,5,4,4,5,3,4,4,4,3,4,1,0,1,3,,4,,0.819307249,,,
2021/01/11 11:11:21 PM GMT+5,Ms Teams,18-20,Male,Engineering,4,5,3,5,4,4,5,3,3,4,4,4,5,4,4,4,4,4,4,5,4,5,4,4,4,4,4,4,3,4,1,1,4,,4,,0.583292281,,,
2021/01/12 1:07:21 AM GMT+5,Mobile Phone,18-20,Male,Engineering,1,4,1,4,4,3,4,4,1,4,1,1,3,4,4,4,4,4,4,3,3,3,3,4,2,3,3,4,4,1,0,0,3,,3,,1.172481404,,,
2021/01/12 1:12:16 AM GMT+5,MS Teams ,18-20,Male,Engineering,3,3,5,5,4,5,5,4,3,3,4,4,5,5,5,5,5,3,3,4,4,4,4,4,4,4,4,4,4,4,1,1,4,,4,,0.711966679,,,
2021/01/12 8:38:10 AM GMT+5,Internet. Problem,18-20,Male,Engineering,1,4,1,1,1,3,4,1,4,1,1,1,1,3,1,1,1,4,1,3,3,4,1,1,1,4,4,1,1,1,0,0,1,,3,,1.32569652,,,
2021/01/12 10:29:26 AM GMT+5,Ms Teams,21-23,Male,Engineering,3,5,5,4,4,1,5,1,1,4,1,1,3,4,3,4,4,3,4,4,4,4,5,1,3,1,1,4,5,4,1,0,4,,2,,1.471569652,,,
2021/01/12 12:38:44 PM GMT+5,Mobile,21-23,Male,Engineering,5,5,1,5,5,5,5,4,4,5,5,5,5,5,5,4,5,4,5,5,5,5,5,5,4,4,5,5,5,5,1,1,5,,4,,0.802295557,,,
2021/01/13 12:15:03 AM GMT+5,Engineering ,18-20,Male,Engineering,1,3,1,4,1,1,3,4,3,4,4,4,4,4,4,4,4,3,3,4,4,4,4,4,4,3,4,4,3,4,1,1,4,,4,,1.033351872,,,
2021/01/13 9:21:40 AM GMT+5,Mobile,18-20,Male,Engineering,1,3,1,4,4,4,4,4,4,4,4,4,4,4,4,4,4,4,4,4,4,4,4,4,4,4,4,4,4,4,1,1,4,,4,,0.773854363,,,
2021/01/15 2:09:17 AM GMT+5,Mibile,18-20,Male,Engineering,4,3,3,4,4,4,3,4,4,3,4,4,3,3,4,4,3,3,3,4,3,4,4,3,3,3,4,4,3,4,1,0,4,,3,,0.507416263,,,
2021/01/29 12:01:12 PM GMT+5,English,18-20,Male,Business Administration,1,1,1,3,3,3,3,3,3,3,3,3,3,3,3,3,3,3,3,3,3,3,3,3,3,3,3,3,3,3,0,0,3,,3,,0.610257153,,,
2021/01/29 12:03:22 PM GMT+5,Meet,18-20,Female,IT/CS,3,5,3,5,4,4,5,4,4,4,4,3,5,5,5,5,5,5,5,5,5,5,5,5,4,4,3,4,4,4,1,1,4,,4,,0.718395402,,,
2021/01/29 12:04:48 PM GMT+5,i learn how to use leptop in a right way,18-20,Male,Business Administration,3,3,4,3,1,4,1,3,4,4,1,1,4,1,1,4,4,4,4,4,3,4,4,4,3,3,4,,4,1,0,0,3,,3,,1.23874241,,,
2021/01/29 12:04:56 PM GMT+5,i learn how to use leptop in a right way,18-20,Male,Business Administration,3,3,4,3,1,4,1,3,4,4,1,1,4,1,1,4,4,4,4,4,3,4,4,4,3,3,4,,4,1,0,0,3,,3,,1.23874241,,,
2021/01/29 12:05:35 PM GMT+5,Meet,21-23,Male,Business Administration,4,3,3,4,3,4,4,3,3,3,4,4,5,5,5,5,4,4,4,3,3,1,1,1,4,3,1,3,3,3,0,0,3,,3,,1.154700538,,,
2021/01/29 12:07:03 PM GMT+5,MS Teams,21-23,Male,Engineering,3,5,5,5,5,5,5,5,4,5,5,5,5,5,5,5,5,5,5,5,5,5,5,5,4,1,5,5,5,5,1,0,5,,3,,0.827681987,,,
2021/01/29 12:09:46 PM GMT+5,Mobile phone,18-20,Male,Business Administration,3,5,5,5,4,3,3,4,4,4,3,4,4,3,3,3,4,3,3,3,3,3,4,4,3,4,4,3,4,4,1,1,4,,4,,0.668675135,,,
2021/01/29 12:09:52 PM GMT+5,Mobile phone,18-20,Male,Business Administration,3,5,5,5,4,3,3,4,4,4,3,4,4,3,3,3,4,3,3,3,3,3,4,4,3,4,4,3,4,4,1,1,4,,4,,0.668675135,,,
2021/01/29 12:11:13 PM GMT+5,Google Meet,18-20,Female,Business Administration,3,5,5,4,4,1,4,4,4,4,4,3,3,4,1,4,3,1,4,3,4,1,4,4,2,4,1,1,3,1,0,0,2,,2,,1.322223832,,,
2021/01/29 12:12:54 PM GMT+5,Meet,18-20,Male,Business Administration,5,5,5,5,5,5,5,5,5,5,5,5,5,5,5,5,5,5,5,5,5,5,5,5,4,4,5,5,5,5,1,1,5,,4,,0.253708132,,,
2021/01/29 12:13:33 PM GMT+5,Cell phone,18-20,Male,Business Administration,3,5,3,4,4,5,4,3,4,4,3,4,4,3,4,4,3,3,4,3,4,4,4,3,4,4,3,3,4,4,1,1,4,,4,,0.595963433,,,
2021/01/29 12:13:47 PM GMT+5,"Quaro form, Yahoo answers, Ask.com",18-20,Male,Business Administration,3,5,1,4,4,3,4,4,4,3,4,4,5,4,5,5,5,4,5,4,4,4,4,1,4,4,3,5,5,4,1,1,5,,4,,1.014832527,,,
2021/01/29 12:13:52 PM GMT+5,"Quaro form, Yahoo answers, Ask.com",18-20,Male,Business Administration,3,5,1,4,4,3,4,4,4,3,4,4,5,4,5,5,5,4,5,4,4,4,4,1,4,4,3,5,5,4,1,1,5,,4,,1.014832527,,,
2021/01/29 12:16:26 PM GMT+5,Google Meet,18-20,Male,IT/CS,5,5,3,5,4,5,5,4,5,5,5,5,5,5,5,4,5,5,4,5,4,4,5,4,4,4,5,5,5,5,1,1,5,,4,,0.556053417,,,
2021/01/29 12:22:20 PM GMT+5,Google meet,21-23,Male,Business Administration,3,5,3,4,4,3,5,3,4,4,1,4,3,4,3,4,3,3,3,4,3,4,4,4,3,3,3,4,3,4,1,0,4,,3,,0.776819333,,,
2021/01/29 12:22:37 PM GMT+5,Yes,18-20,Male,Business Administration,5,1,1,4,1,1,1,1,1,1,1,1,5,1,1,1,1,1,1,4,1,1,1,1,1,1,1,4,1,1,0,0,2,,1,,1.304721752,,,
2021/01/29 12:29:26 PM GMT+5,Mobile,18-20,Male,Business Administration,3,5,5,4,4,3,5,3,4,5,3,4,4,4,4,3,3,3,4,4,3,3,4,4,4,4,4,3,3,1,0,1,2,,4,,0.844182254,,,
2021/01/29 12:33:06 PM GMT+5,Computer,21-23,Male,Business Administration,3,5,5,4,3,4,5,3,4,4,4,4,4,4,4,4,4,4,4,4,4,4,4,4,4,4,4,3,4,3,0,1,3,,4,,0.52083046,,,
2021/01/29 12:39:05 PM GMT+5,Goagle Meet,18-20,Male,IT/CS,5,5,3,4,4,5,3,4,4,5,5,5,5,5,5,4,4,4,5,5,4,5,5,5,4,4,4,3,4,4,1,1,4,,4,,0.668675135,,,
2021/01/29 12:49:35 PM GMT+5,Microsoft teams,18-20,Male,Engineering,5,5,5,3,4,4,4,4,3,3,4,3,3,4,4,3,3,3,4,4,3,5,4,4,2,3,4,3,5,4,1,0,4,,3,,0.784915253,,,
2021/01/29 12:51:33 PM GMT+5,Meet,18-20,Female,IT/CS,3,5,5,5,5,5,5,4,3,4,5,4,5,5,4,5,5,5,5,4,4,3,5,4,4,4,5,4,4,4,1,1,4,,4,,0.674664668,,,
2021/01/29 12:51:37 PM GMT+5,Google Meet,18-20,Male,IT/CS,5,4,3,4,3,4,5,3,4,3,4,4,5,5,5,4,3,5,5,5,5,5,5,4,4,3,5,4,4,1,0,1,3,,4,,0.959525745,,,
2021/01/29 12:58:01 PM GMT+5,MS Teams,21-23,Male,Engineering,3,5,3,3,3,4,4,3,3,4,3,4,3,4,4,4,4,3,,4,5,5,5,3,3,4,1,4,4,4,1,0,4,,3,,0.85673225,,,
2021/01/29 1:03:26 PM GMT+5,Google meet,18-20,Male,Business Administration,3,3,3,5,5,4,4,3,4,4,3,4,4,5,4,4,4,4,4,4,5,4,4,5,4,4,4,4,5,4,1,1,4,,4,,0.6149479,,,
2021/01/29 1:04:33 PM GMT+5,Google meet,18-20,Male,Business Administration,4,3,4,5,3,3,5,4,3,3,4,4,4,3,4,4,3,4,4,4,4,3,4,4,4,3,3,4,4,4,1,0,4,,3,,0.583292281,,,
2021/01/29 1:10:22 PM GMT+5,Google meet,18-20,Male,Business Administration,3,5,4,5,4,5,5,4,5,4,4,4,5,4,4,4,4,4,4,4,4,4,4,4,4,4,3,4,4,3,1,1,4,,4,,0.547722558,,,
2021/01/29 1:15:25 PM GMT+5,Meet,18-20,Male,IT/CS,4,4,4,3,4,4,1,4,4,,4,3,4,3,4,3,3,3,3,3,3,4,4,4,2,3,4,4,4,1,0,0,3,,3,,0.862462964,,,
2021/01/29 1:16:17 PM GMT+5,Microsoft teams,18-20,Male,Engineering,3,5,5,4,4,3,4,3,4,3,3,4,4,4,3,4,4,4,4,4,3,4,3,3,4,4,3,3,3,3,0,1,3,,4,,0.6149479,,,
2021/01/29 1:23:45 PM GMT+5,Google Meet,18-20,Male,IT/CS,3,3,5,4,3,1,4,4,1,3,4,1,1,3,3,4,4,3,3,4,4,4,3,4,2,3,3,4,5,4,1,0,4,,3,,1.104327954,,,
2021/01/29 1:23:47 PM GMT+5,Google meet,18-20,Male,Business Administration,3,5,4,5,4,5,5,4,5,4,4,4,5,4,4,4,4,4,4,4,4,4,4,4,4,4,3,4,4,3,1,1,4,,4,,0.547722558,,,
2021/01/29 1:23:50 PM GMT+5,Google Meet,18-20,Male,IT/CS,3,3,5,4,3,1,4,4,1,3,4,1,1,3,3,4,4,3,3,4,4,4,3,4,2,3,3,4,5,4,1,0,4,,3,,1.104327954,,,
2021/01/29 1:24:31 PM GMT+5,MS team,18-20,Female,Engineering,3,3,5,5,5,4,3,4,3,4,4,4,4,4,4,4,4,4,4,4,4,4,4,4,4,4,3,4,4,4,1,1,4,,4,,0.52083046,,,
2021/01/29 1:28:46 PM GMT+5,Google meet ,21-23,Male,IT/CS,3,5,5,4,3,3,4,4,4,3,3,4,5,4,4,4,5,5,5,5,5,5,5,5,4,4,1,4,5,4,1,0,4,,3,,0.937102406,,,
2021/01/29 1:29:50 PM GMT+5,Google meet ,21-23,Female,IT/CS,4,4,1,1,3,3,1,1,,3,4,4,4,,1,4,3,3,3,4,4,4,4,4,3,3,3,4,,4,1,0,4,,3,,1.120897077,,,
2021/01/29 1:30:17 PM GMT+5,e-mailing,18-20,Female,BBA,3,5,3,3,3,3,1,3,4,3,3,4,3,3,3,3,3,4,3,4,4,3,3,1,3,4,1,3,3,4,0,0,3,,3,,0.88473647,,,
2021/01/29 1:33:21 PM GMT+5,Teams,21-23,Male,IT/CS,1,5,5,4,3,3,4,3,4,4,4,4,4,4,3,4,4,3,4,4,3,4,4,1,2,4,4,4,4,4,1,0,4,,3,,0.932183199,,,
2021/01/29 1:35:13 PM GMT+5,ms team,21-23,Male,IT/CS,4,4,4,4,4,4,4,4,4,4,4,4,4,4,4,4,4,4,4,4,4,4,4,4,2,4,4,4,4,4,1,0,4,,3,,0.365148372,,,
2021/01/29 1:36:00 PM GMT+5,Meet,18-20,Female,IT/CS,3,4,4,1,4,1,1,4,4,4,4,4,4,4,4,4,4,4,4,1,1,1,1,1,1,1,4,4,4,4,1,0,4,,2,,1.425949976,,,
2021/01/29 1:38:29 PM GMT+5,Mobile,23-27,Male,IT/CS,5,5,5,3,3,3,3,3,3,3,3,3,5,5,5,5,5,5,5,5,5,5,5,5,4,4,4,4,4,4,1,1,4,,4,,0.886683087,,,
2021/01/29 1:42:32 PM GMT+5,Google meet,21-23,Female,IT/CS,5,5,5,4,4,4,4,4,5,4,4,4,4,4,4,4,4,4,4,4,4,4,4,4,4,4,4,4,4,4,1,1,4,,4,,0.345745904,,,
2021/01/29 1:43:59 PM GMT+5,Laptop,18-20,Male,IT/CS,4,4,4,4,3,3,3,3,4,4,3,4,4,4,4,4,4,4,4,3,3,3,3,3,3,3,3,3,3,3,0,0,3,,3,,0.507416263,,,
2021/01/29 1:44:05 PM GMT+5,Google Meet,18-20,Male,IT/CS,1,1,1,4,4,1,1,4,4,3,3,4,1,4,4,4,1,4,,1,4,4,4,1,2,4,1,4,1,4,0,0,3,,2,,1.436676515,,,
2021/01/29 1:44:23 PM GMT+5,Google meet,21-23,Male,BSCS,1,3,3,3,4,4,4,4,3,4,4,3,3,4,1,4,4,4,4,4,3,3,4,4,3,4,4,4,4,4,1,1,4,,4,,0.82000841,,,
2021/01/29 1:44:27 PM GMT+5,Laptop ,18-20,Male,BSCS,1,4,1,3,5,3,3,,3,3,1,1,4,5,4,4,5,3,5,4,3,4,4,4,3,1,3,5,5,5,1,0,5,,2,,1.350059294,,,
2021/01/29 1:48:37 PM GMT+5,Computer,21-23,Male,Business Administration,3,5,5,4,3,4,5,3,4,4,4,4,4,4,4,4,4,4,4,4,4,4,4,4,4,4,4,3,4,3,0,1,3,,4,,0.52083046,,,
2021/01/29 1:50:20 PM GMT+5,Google meet,18-20,Female,Business Administration,3,5,3,4,4,4,1,3,4,3,4,4,4,5,3,4,4,4,5,4,3,1,4,4,2,3,1,3,4,4,1,0,4,,2,,1.07425462,,,
2021/01/29 1:51:25 PM GMT+5,Google Meet,21-23,Male,IT/CS,4,3,5,4,4,3,4,3,4,3,3,4,4,4,4,4,4,4,4,3,3,3,3,3,3,4,3,3,3,3,0,0,3,,3,,0.571346464,,,
2021/01/29 1:54:30 PM GMT+5,Google meet,18-20,Female,IT/CS,4,3,3,4,4,4,3,4,4,4,3,4,3,4,4,4,4,4,4,3,4,4,4,4,3,3,1,4,4,3,1,0,4,,2,,0.674664668,,,
2021/01/29 1:57:06 PM GMT+5,Google meet,18-20,Male,Business Administration,5,3,3,5,5,4,5,4,4,4,5,5,4,5,5,4,4,4,4,5,5,5,5,4,4,4,4,4,4,4,1,1,4,,4,,0.606478435,,,
2021/01/29 1:59:35 PM GMT+5,Ms-Teams,23-27,Male,IT/CS,3,5,1,5,3,3,5,3,5,5,4,3,5,5,3,4,5,5,3,5,3,5,5,4,4,1,3,3,5,4,1,0,4,,3,,1.184672223,,,
2021/01/29 2:00:41 PM GMT+5,MS Teams,18-20,Male,IT/CS,3,5,5,5,5,5,5,3,3,5,3,4,3,3,3,5,4,4,4,5,5,3,3,5,3,3,3,3,4,3,0,0,3,,3,,0.922889017,,,
2021/01/29 2:00:44 PM GMT+5,Mobile phone,18-20,Male,Business Administration,3,5,5,5,5,5,3,4,4,4,4,4,4,5,5,5,5,5,5,4,5,4,5,3,4,1,4,3,3,5,1,0,4,,3,,0.96132093,,,
2021/01/29 2:01:08 PM GMT+5,Google meet,18-20,Male,Business Administration,3,3,3,3,3,3,3,3,3,3,3,3,3,3,3,3,3,3,3,3,3,3,3,3,4,4,4,3,3,3,0,1,3,,4,,0.305128577,,,
2021/01/29 2:04:25 PM GMT+5,Google Meet,21-23,Male,IT/CS,1,5,3,5,3,3,5,4,3,1,3,4,3,4,1,5,4,4,3,4,3,4,4,1,4,4,3,4,4,3,1,1,4,,4,,1.162636718,,,
2021/01/29 2:05:57 PM GMT+5,Teams ,21-23,Male,IT/CS,1,5,1,3,3,1,1,3,3,3,3,3,4,4,3,1,3,4,3,3,3,4,1,4,2,1,4,1,4,1,0,0,2,,2,,1.241059984,,,
2021/01/29 2:07:05 PM GMT+5,Google meet,18-20,Male,Business Administration,3,1,4,4,3,4,1,1,4,4,1,1,1,4,4,1,5,5,5,5,5,5,4,5,4,4,1,1,1,1,0,0,1,,3,,1.680175141,,,
2021/01/29 2:11:21 PM GMT+5,Google Meet,21-23,Male,Business Administration,3,3,3,3,3,4,3,3,4,4,4,5,4,4,4,3,4,4,4,4,4,3,4,3,4,4,5,4,4,5,1,1,4,,4,,0.626062316,,,
2021/01/29 2:13:17 PM GMT+5,Google Meet,18-20,Female,IT/CS,4,5,3,4,4,4,4,4,4,4,4,3,4,4,4,4,4,4,4,3,4,4,4,4,2,4,1,4,4,4,1,0,4,,2,,0.727932042,,,
2021/01/29 2:17:32 PM GMT+5,Googlemeet,18-20,Male,Business Administration,3,3,3,4,4,4,3,3,3,3,3,3,4,4,4,4,4,4,4,3,3,4,3,3,3,3,,3,4,3,0,0,3,,3,,0.501230014,,,
2021/01/29 2:20:17 PM GMT+5,MS TEAMS,21-23,Male,IT/CS,4,3,3,3,3,3,4,3,4,3,4,3,4,4,4,3,4,4,3,3,3,4,3,3,3,4,4,4,3,4,1,1,4,,4,,0.507416263,,,
2021/01/29 2:30:17 PM GMT+5,Laptop,18-20,Male,Business Administration,3,5,5,4,5,5,5,3,4,4,5,3,4,4,4,3,4,4,4,3,3,5,4,4,4,4,5,3,3,4,0,1,3,,4,,0.742781353,,,
2021/01/29 2:30:24 PM GMT+5,Google meet,18-20,Female,IT/CS,3,5,5,4,4,4,4,4,4,3,4,3,4,4,4,4,4,3,4,4,5,5,4,4,4,4,4,3,4,4,1,1,4,,4,,0.556053417,,,
2021/01/29 2:45:12 PM GMT+5,Microsoft Teams,21-23,Male,IT/CS,5,5,3,4,5,4,5,3,4,4,3,3,4,4,3,4,5,5,5,4,4,5,4,4,4,3,3,4,4,3,1,0,4,,3,,0.742781353,,,
2021/01/29 2:46:07 PM GMT+5,Through zoom app ,18-20,Female,Business Administration,1,1,1,1,1,1,1,1,1,1,1,1,1,1,1,1,1,1,1,1,1,1,1,1,1,1,4,1,1,1,0,0,1,,2,,0.547722558,,,
2021/01/29 2:52:45 PM GMT+5,Google meet,18-20,Male,Business Administration,4,4,3,4,4,4,3,3,3,3,3,3,4,3,4,4,4,4,4,4,4,4,4,4,2,4,4,4,4,4,1,0,4,,3,,0.546672274,,,
2021/01/29 3:03:07 PM GMT+5,Mobile Phone,18-20,Male,Engineering,4,5,3,4,4,4,4,4,4,4,3,3,4,3,3,3,3,3,4,4,4,4,4,3,2,3,4,4,3,4,1,0,4,,3,,0.621455466,,,
2021/01/29 3:06:38 PM GMT+5,Ms-team,21-23,Male,IT/CS,3,3,3,5,4,3,5,3,4,3,3,3,4,4,3,3,3,4,3,4,4,3,3,4,4,4,3,4,4,3,1,1,4,,4,,0.628810225,,,
2021/01/29 3:10:10 PM GMT+5,"ms team, laptop",18-20,Male,IT/CS,3,5,3,4,4,4,3,3,4,4,3,5,4,3,3,3,5,4,4,4,4,4,4,4,4,4,3,4,4,3,1,1,4,,4,,0.626062316,,,
2021/01/29 3:10:14 PM GMT+5,Ipad,18-20,Male,Business Administration,5,5,5,4,4,4,4,3,3,4,,3,4,5,4,4,4,5,4,4,4,4,4,4,3,3,3,4,4,4,1,0,4,,3,,0.625799981,,,
2021/01/29 3:16:29 PM GMT+5,Ms team,21-23,Male,computer science,3,3,5,3,4,3,1,3,4,4,4,1,4,4,3,4,3,4,3,3,3,4,3,1,1,3,3,4,3,3,0,0,3,,2,,1.008013866,,,
2021/01/29 3:18:13 PM GMT+5,Google Meet,21-23,Male,IT/CS,4,5,3,5,3,3,5,3,4,3,3,1,1,3,3,4,3,5,5,4,4,4,4,3,1,3,3,1,3,4,0,0,3,,2,,1.184187,,,
2021/01/29 3:18:48 PM GMT+5,MS Teams,18-20,Male,Computer Science,4,3,5,3,4,4,3,3,3,4,4,3,5,4,4,4,4,4,5,3,3,3,3,4,2,4,4,4,3,3,0,0,3,,3,,0.718395402,,,
2021/01/29 3:18:52 PM GMT+5,Microsoft teams,21-23,Male,IT/CS,4,5,3,4,4,4,4,3,3,4,3,4,3,3,4,3,4,4,4,3,3,3,3,3,3,4,4,4,4,4,1,1,4,,4,,0.563241848,,,
2021/01/29 3:19:35 PM GMT+5,Ms-team,21-23,Male,Engineering,3,5,5,4,4,1,4,3,4,3,3,4,3,4,4,4,4,3,4,4,4,4,4,4,3,4,1,4,4,1,0,0,3,,3,,1.008013866,,,
2021/01/29 3:21:03 PM GMT+5,Mobile as Electronic device,18-20,Male,Engineering,3,3,3,3,4,4,4,4,4,3,4,4,3,3,4,4,4,3,4,4,4,4,3,4,4,4,3,4,3,3,0,1,3,,4,,0.498272879,,,
2021/01/29 3:21:53 PM GMT+5,Microsoft teams,21-23,Male,IT/CS,4,4,5,4,3,4,4,3,4,4,4,3,4,4,4,3,4,4,4,4,4,4,4,4,3,3,4,4,3,1,0,0,3,,3,,0.70221325,,,
2021/01/29 3:22:48 PM GMT+5,3029406568,21-23,Male,IT/CS,5,3,5,4,3,4,5,4,4,5,4,5,5,3,4,5,5,4,5,4,4,4,4,5,4,3,4,3,4,4,1,1,4,,4,,0.698931862,,,
2021/01/29 3:30:45 PM GMT+5,+92 331 1332423,21-23,Male,IT/CS,5,5,5,4,3,4,4,4,3,4,4,4,5,4,5,3,5,4,5,5,3,4,4,4,4,4,4,5,4,4,1,1,4,,4,,0.647719252,,,
2021/01/29 3:37:22 PM GMT+5,Ms Team ,21-23,Male,IT/CS,5,3,5,4,4,4,4,4,5,4,4,5,3,3,4,3,3,4,3,4,4,4,4,4,4,4,4,4,4,4,1,1,4,,4,,0.583292281,,,
2021/01/29 3:44:09 PM GMT+5,MS Teams,18-20,Male,IT/CS,3,5,3,4,4,4,5,3,4,3,4,4,5,5,5,5,5,5,5,5,5,5,5,5,4,1,5,5,5,3,1,0,4,,3,,0.987857312,,,
2021/01/29 3:58:00 PM GMT+5,Ms teams,18-20,Male,Engineering,5,5,5,4,4,5,3,4,4,4,5,5,4,,4,5,4,4,4,4,4,4,4,4,4,4,4,3,4,3,0,1,3,,4,,0.580894503,,,
2021/01/29 3:59:38 PM GMT+5,MS TEAM,18-20,Male,Engineering,3,1,3,4,3,3,4,3,4,3,3,3,3,3,4,4,3,3,3,4,3,3,4,1,3,3,3,3,4,3,0,0,3,,3,,0.730296743,,,
2021/01/29 4:08:39 PM GMT+5,Sir khalil Jibran is fully Response,21-23,Male,Business Administration,5,3,5,5,4,4,4,5,4,5,5,5,4,4,4,4,4,4,4,3,4,3,4,4,3,3,3,4,4,4,1,0,4,,3,,0.668675135,,,
2021/01/29 4:13:08 PM GMT+5,ms teams,18-20,Male,Engineering,1,5,4,4,4,3,4,1,1,1,1,1,4,1,1,1,1,1,1,4,4,4,4,1,1,1,4,1,1,1,0,0,1,,2,,1.517711526,,,
2021/01/29 4:13:46 PM GMT+5,MS TEAMS ,21-23,Male,Engineering,3,5,3,4,4,4,4,3,4,4,4,3,4,3,4,4,3,4,4,4,4,3,4,4,2,3,3,3,3,4,0,0,3,,3,,0.621455466,,,
2021/01/29 4:34:14 PM GMT+5,"According to us we are using MS Team, but I am really agree with digiskills learning management system. They have a great way of teaching, everything is perfect in that learning management system. Assignments, tests and each content is easy to understand.",21-23,Male,Computer Science,3,3,4,4,3,3,4,3,,,3,3,4,4,3,3,3,4,4,4,4,4,3,3,3,4,4,3,3,4,0,1,3,,4,,0.5078745,,,
2021/01/29 4:54:18 PM GMT+5,Ms-team,21-23,Male,Engineering,4,5,4,4,3,4,4,4,4,4,1,4,4,4,3,4,4,4,4,4,4,4,4,3,4,4,1,4,5,4,1,0,4,,3,,0.858359837,,,
2021/01/29 4:55:10 PM GMT+5,Microsoft teams,18-20,Male,Engineering,3,5,5,4,4,3,4,3,4,3,3,4,4,4,3,4,4,4,4,4,3,4,3,3,4,4,3,3,3,3,0,1,3,,4,,0.6149479,,,
2021/01/29 5:32:59 PM GMT+5,ms-teams,21-23,Male,IT/CS,3,5,4,4,3,4,3,3,4,4,4,4,5,4,4,4,4,4,4,5,3,4,4,3,4,4,1,3,4,1,0,0,3,,3,,0.922266075,,,
2021/01/29 5:43:45 PM GMT+5,MS teams,18-20,Male,Engineering,5,5,5,4,4,4,4,4,3,4,3,4,5,5,5,4,5,5,5,4,4,4,4,4,4,4,3,4,4,4,1,1,4,,4,,0.610257153,,,
2021/01/29 6:06:49 PM GMT+5,Meet,18-20,Female,IT/CS,4,5,5,4,3,4,4,4,4,,4,4,4,4,4,4,4,4,4,4,4,4,4,4,4,4,4,4,3,4,1,1,4,,4,,0.377964473,,,
2021/01/29 6:07:05 PM GMT+5,Meet,18-20,Female,IT/CS,4,5,5,4,3,4,4,4,4,,4,4,4,4,4,4,4,4,4,4,4,4,4,4,4,4,4,4,3,4,1,1,4,,4,,0.377964473,,,
2021/01/29 7:42:17 PM GMT+5,Mobile,18-20,Female,Engineering,4,3,1,1,1,1,1,1,,,,,1,1,1,1,1,,1,1,1,1,1,1,1,4,3,3,3,3,0,0,3,,3,,1.075484387,,,
2021/01/29 7:59:42 PM GMT+5,(LMS),21-23,Male,IT/CS,3,3,3,4,3,3,4,3,4,3,3,3,4,3,3,3,3,3,3,4,4,3,3,3,4,3,4,3,4,4,1,1,4,,4,,0.479463301,,,
2021/01/29 8:26:06 PM GMT+5,Google meet,18-20,Female,IT/CS,4,5,3,4,4,5,5,4,4,3,3,3,4,5,5,4,4,4,4,4,5,4,4,4,4,3,4,4,4,4,1,1,4,,4,,0.6149479,,,
2021/01/29 8:30:11 PM GMT+5,Google Meet,21-23,Male,IT/CS,4,3,5,4,4,3,4,3,4,3,3,4,4,4,4,4,4,4,4,3,3,3,3,3,3,4,3,3,3,3,0,0,3,,3,,0.571346464,,,
2021/01/29 8:59:38 PM GMT+5,Yes,18-20,Male,Engineering,5,5,5,3,3,3,3,3,3,3,3,3,3,3,3,3,3,3,3,3,3,3,3,3,3,3,3,3,3,3,0,0,3,,3,,0.610257153,,,
2021/01/29 8:59:42 PM GMT+5,Yes,18-20,Male,Engineering,5,5,5,3,3,3,3,3,3,3,3,3,3,3,3,3,3,3,3,3,3,3,3,3,3,3,3,3,3,3,0,0,3,,3,,0.610257153,,,
2021/01/29 8:59:52 PM GMT+5,Yes,18-20,Male,Engineering,5,5,5,3,3,3,3,3,3,3,3,3,3,3,3,3,3,3,3,3,3,3,3,3,3,3,3,3,3,3,0,0,3,,3,,0.610257153,,,
2021/01/29 9:10:13 PM GMT+5,Google meet,18-20,Male,Business Administration,3,5,5,5,4,4,5,4,4,4,4,4,4,4,3,3,4,4,3,5,4,4,4,3,4,4,4,3,3,3,0,1,3,,4,,0.661763579,,,
2021/01/29 10:34:41 PM GMT+5,google meet,18-20,Female,Engineering,1,1,1,3,3,4,3,3,1,3,3,3,3,3,3,3,3,3,1,3,3,3,1,1,1,3,1,3,1,1,0,0,2,,2,,1.022168081,,,
2021/01/29 10:38:32 PM GMT+5,Google meet,18-20,Male,IT/CS,3,3,3,3,3,3,3,3,3,3,3,3,3,3,3,3,3,3,3,4,4,4,4,4,3,3,3,3,3,3,0,0,3,,3,,0.379049022,,,
2021/01/29 10:56:58 PM GMT+5,MS team,18-20,Male,Engineering,1,5,3,5,3,3,5,4,3,4,5,4,5,5,3,4,5,5,5,5,4,5,5,5,4,4,5,5,5,5,1,1,5,,4,,0.987857312,,,
2021/01/30 12:45:01 AM GMT+5,Google meet,18-20,Male,Business Administration,3,5,5,5,4,4,5,4,4,4,4,4,4,4,3,3,4,4,3,5,4,4,4,3,4,4,4,3,3,3,0,1,3,,4,,0.661763579,,,
2021/01/30 12:33:02 PM GMT+5,Microsoft Teams ,21-23,Male,BSCS,5,5,3,5,4,4,5,4,4,4,4,5,5,4,4,4,5,4,4,4,4,4,4,4,4,4,4,4,4,4,1,1,4,,4,,0.484234198,,,
2021/01/30 1:50:22 PM GMT+5,good,18-20,Male,Business Administration,1,5,5,1,4,1,1,5,5,4,4,4,5,5,5,5,5,5,5,4,4,4,4,4,4,4,4,4,4,4,1,1,4,,4,,1.272611579,,,
2021/01/31 5:32:59 AM GMT+5,Google meet,18-20,Male,Business Administration,3,1,4,4,3,4,1,1,4,4,1,1,1,4,4,1,5,5,5,5,5,5,4,5,4,4,1,1,1,1,0,0,1,,3,,1.680175141,,,
2021/01/31 4:28:40 PM GMT+5,Googlemeet,18-20,Male,Business Administration,3,3,3,4,4,4,3,3,3,3,3,3,4,4,4,4,4,4,4,3,3,4,3,3,3,3,,3,4,3,0,0,3,,3,,0.501230014,,,
